,,DATA INFRASTRUKTUR AIR TANAH SULAWESI TENGGARA,,,,,,,,,,,,,,,,,,,,,,,,,,,,,,,,,,,,,,,,,,,,,
,,TAHUN DATA :  2017,,,,,,,,,,,,,,,,,,,,,,,,,,,,,,,,,,,,,,,,,,,,,
,,,,,,,,,,,,,,,,,,,,,,,,,,,,,,,,,,,,,,,,,,,,,,,
NO,Kode Sumur,I. INFORMASI WILAYAH SUNGAI,,II. KODIFIKASI,,,III. LOKASI,,III. LOKASI,IV. MANFAAT,,V. DATA TEKNIS,,,,,,,,,,,,,,,,,,,,VI. Musim Tanam,,,,,,,,,,VII. P3A,,,,VII. KOORDINAT,
,,Nama WS,Nama DAS,Kode bidang PU,Kode Dasar Jenis Infrastruktur,Kode Infrastruktur,Kabupaten/ Kota,Kecamatan,Kelurahan / Desa,Irigasi (Ha),Aktual Irigasi (Ha),Nama DI,Jenis Pompa,Debit Pompa (ltr/dtk),Sumber Air Sumur,Kedalaman Sumur (m),Kedalaman Muka Air Sumur (SWl - m),Tipe Pompa,Pompa Distribusi,Perpipaan Kapasitas Bak Penampungan (lt),Pipa Utama (inch),Pipa Sub Utama Monifold (inch),Pipa Lateral (mm),Pipa Emiter,Sistem Operasi Pipa,Jenis Sumur*,Rencana Jumlah KK,Aktual Jumlah KK,Tahun Pembuatan,Tahun Rehab Terakhir,keterangan,Luas Tanah MTI Padi (ha),Luas Tanah MTII Padi (ha),Luas Tanah MTIII Padi (ha),Luas Tanah MTI Palawija(ha),Luas Tanah MTII Palawija(ha),Luas Tanah MTIII Palawija(ha),Luas Tanah MTI Lain-Lain (ha),Luas Tanah MTII Lain-Lain (ha),Luas Tanah MTIII Lain-Lain (ha),Luas Tanah IP (ha),Jumlah Data P3A,Jumlah Anggaran Data P3A,BH Data P3A,Stat Data P3A,S,E
,,,,,,,,,,,,,,,,,,,,,,,,,,,,,,,,,,,,,,,,,,,,,,,
1,2,3,4,5,6,7,8,9,10,11,12,13,14,15,16,17,18,19,20,21,22,23,24,25,26,27,28,29,30,31,32,33,34,35,36,37,38,39,40,41,42,43,44,45,46,47,48
1,P. 25 KDI,Poleang - Roraya,Das Wanggu,1,9,740300001,Kendari,Mandonga,P2ID Wua-wua,-,-,,,12.2,,,,,,,,,,,,,1500,,1994/1995,,,,,,,,,,,,,,,,,,
2,BL. 01,Poleang - Roraya,DAS Roraya,1,9,740500095,Konawe Selatan,Angata,Basala,18,18,D.I. Basala,,20.03,,,,,,,,,,,,,-,,2007,,,,,,,,,,,,,,,,,"4°17'53.19""","122°3'36.94"""
3,P. 01BTN,Poleang - Roraya,DAS Lantawanua,1,9,740600001,Bombana,Rumbia,Aneka Marga,15,15,D.I. Aneka Marga,,18,,,,,,,,,,,,,-,,1993/1994,,,,,,,,,,,,,,,,,"4°38'99.43""","122°59'9.33"""
4,BL. 03,Poleang - Roraya,DAS Roraya,1,9,740500096,Konawe Selatan,Angata,Basala,14,14,D.I. Basala,,14.23,,,,,,,,,,,,,-,,2007,,,,,,,,,,,,,,,,,"4°17'39.03""","122°3'20.22"""
5,P. 26.KDI,Lasolo - Konaweha,DAS Konaweha,1,9,740500040,Konawe Selatan,Landono,Landono,12,12,D.I. Landono,,11.3,,,,,,,,,,,,,-,,1994/1995,,,,,,,,,,,,,,,,,,
6,BL. 04,Poleang - Roraya,DAS Roraya,1,9,740500097,Konawe Selatan,Angata,Basala,18,18,D.I. Basala,,10.56,,,,,,,,,,,,,-,,2007,,,,,,,,,,,,,,,,,"4°17'52.92""","122°3'4.24"""
7,P. 02BTN,Poleang - Roraya,DAS Lantawanua,1,9,740600002,Bombana,Rumbia,Aneka Marga,23,23,D.I. Aneka Marga,,14,,,,,,,,,,,,,300,,1993/1994,,,,,,,,,,,,,,,,,"4°39'13.08""","121°59'19.99"""
8,BL. 05,Poleang - Roraya,DAS Roraya,1,9,740500098,Konawe Selatan,Angata,Basala,14,14,D.I. Basala,,7.68,,,,,,,,,,,,,-,,2007,,,,,,,,,,,,,,,,,"4°17'56.58""","122°2'52.69"""
9,P. 27 KDI,Poleang - Roraya,DAS Kambu,1,9,740500007,Konawe Selatan,Ranomeeto,Ranomeeto I,10,11,D.I. Ranomeeto,,2.8,,,,,,,,,,,,,75,,1994/1995,,,,,,,,,,,,,,,,,"4°3'12.50""","122°27'40.22"""
10,BL. 06 ,Poleang - Roraya,DAS Roraya,1,9,740500099,Konawe Selatan,Angata,Basala,12,12,D.I. Basala,,7.17,,,,,,,,,,,,,-,,2007,,,,,,,,,,,,,,,,,"4°17'51.30""","122°2'49.29"""
11,P. 03BTN,Poleang - Roraya,DAS Lantawanua,1,9,740600003,Bombana,Rumbia,Aneka Marga,23,23,D.I. Aneka Marga,,5,,,,,,,,,,,,,-,,1993/1994,,,,,,,,,,,,,,,,,"4°39'12.74""","121°59'31.8"""
12,BL. 07,Poleang - Roraya,DAS Roraya,1,9,740500100,Konawe Selatan,Angata,Basala,12,12,D.I. Basala,,12.11,,,,,,,,,,,,,-,,2007,,,,,,,,,,,,,,,,,"4°17'39.57""","122°3'11.20"""
13,P. 04BTN,Poleang - Roraya,DAS Lantawanua,1,9,740600004,Bombana,Rumbia,Aneka Marga,15,15,D.I. Aneka Marga,,13.5,,,,,,,,,,,,,-,,1993/1994,,,,,,,,,,,,,,,,,,
14,LM. 01,Poleang - Roraya,DAS Roraya,1,9,740500101,Konawe Selatan,Basala,Lipumasagena,24,24,D.I. Lipumasagena,,20.46,,,,,,,,,,,,,-,,2007,,,,,,,,,,,,,,,,,"4°17'44.77""","122°4'42.41"""
15,P. 28KDI,Poleang - Roraya,DAS Kambu,1,9,740500008,Konawe Selatan,Ranomeeto,Ranomeeto II,13,13,D.I. Ranomeeto,,13.2,,,,,,,,,,,,,50,,1994/1995,,,,,,,,,,,,,,,,,"4°3'6.22""","122°27'40.06"""
16,LM. 02,Poleang - Roraya,DAS Roraya,1,9,740500102,Konawe Selatan,Basala,Lipumasagena,10,10,D.I. Lipumasagena,,10,,,,,,,,,,,,,-,,2007,,,,,,,,,,,,,,,,,"4°17'57.64""","122°4'21.31"""
17,P. 05 BTN,Poleang - Roraya,DAS Lantawanua,1,9,740600005,Bombana,Rumbia,Aneka Marga,15,15,D.I. Aneka Marga,,13.5,,,,,,,,,,,,,-,,1994/1995,,,,,,,,,,,,,,,,,"4°39'30.31""","121°59'19.06"""
18,LM. 03,Poleang - Roraya,DAS Roraya,1,9,740500103,Konawe Selatan,Basala,Lipumasagena,6,6,D.I. Lipumasagena,,4.9,,,,,,,,,,,,,-,,2007,,Tidak Ada Mesin,,,,,,,,,,,,,,,4°17'37.54,"122°4'41.80"""
19,P. 29KDI,Lasolo - Konaweha,DAS Konaweha,1,9,740500041,Konawe Selatan,Landono,Landono,12,12,D.I. Landono,,14,,,,,,,,,,,,,-,,1994/1995,,,,,,,,,,,,,,,,,,
20,LM. 04 A,Poleang - Roraya,DAS Roraya,1,9,740500104,Konawe Selatan,Basala,Lipumasagena,20,20,D.I. Lipumasagena,,18.84,,,,,,,,,,,,,-,,2007,,,,,,,,,,,,,,,,,"4°17'54.47""","122°4'112.78"""
21,P. 3 AB,Poleang - Roraya,DAS Kambu,1,9,740500030,Konawe Selatan,Konda,MAN. Konda,12,12,,,8,,,,,,,,,,,,,-,,2006,,,,,,,,,,,,,,,,,,
22,LM. 06,Poleang - Roraya,DAS Roraya,1,9,740500105,Konawe Selatan,Basala,Lipumasagena,17,17,D.I. Lipumasagena,,15.37,,,,,,,,,,,,,-,,2007,,,,,,,,,,,,,,,,,"4°17'46.38""","122°4'2.12"""
23,P. 30 Kdi,Poleang - Roraya,DAS Parasi,1,9,740500084,Konawe Selatan,Palangga,Onembute,14,14,D.I. Onembute,,13.8,,,,,,,,,,,,,-,,1995/1996,,,,,,,,,,,,,,,,,,
24,LM. 07,Poleang - Roraya,DAS Roraya,1,9,740500106,Konawe Selatan,Basala,Lipumasagena,8,8,D.I. Lipumasagena,,10.01,,,,,,,,,,,,,-,,2007,,,,,,,,,,,,,,,,,"4°17'30.74""","122°4'19.49"""
25,P. 05BTN,Poleang - Roraya,DAS Lantawanua,1,9,740600006,Bombana,Rumbia,Aneka Marga,20,20,D.I. Aneka Marga,,12.5,,,,,,,,,,,,,-,,1994/1995,,,,,,,,,,,,,,,,,,
26,LM. 08,Poleang - Roraya,DAS Roraya,1,9,740500107,Konawe Selatan,Basala,Lipumasagena,10,10,D.I. Lipumasagena,,12.32,,,,,,,,,,,,,-,,2007,,,,,,,,,,,,,,,,,"4°17'34.50""","122°4'10.70"""
27,P. 07BTn,Poleang - Roraya,DAS Lantawanua,1,9,740600007,Bombana,Rumbia,Aneka Marga,10,10,D.I. Aneka Marga,,13.5,,,,,,,,,,,,,-,,1995/1996,,,,,,,,,,,,,,,,,,
28,LM. 09 A,Poleang - Roraya,DAS Roraya,1,9,740500108,Konawe Selatan,Basala,Lipumasagena,8,8,D.I. Lipumasagena,,5.19,,,,,,,,,,,,,-,,2007,,,,,,,,,,,,,,,,,"4°17'43.87""","122°3'59.69"""
29,P. 31KDI,Lasolo - Konaweha,DAS Konaweha,1,9,740500039,Konawe Selatan,Landono,Mowila,12,12,D.I. Mowila,,12,,,,,,,,,,,,,-,,1995/1996,,,,,,,,,,,,,,,,,,
30,LM. 10,Poleang - Roraya,DAS Roraya,1,9,740500109,Konawe Selatan,Basala,Lipumasagena,15,15,D.I. Lipumasagena,,16.5,,,,,,,,,,,,,-,,2007,,,,,,,,,,,,,,,,,"4°17'36.86""","122°3'57.69"""
31,P. 08BTN,Poleang - Roraya,DAS Lantawanua,1,9,740600008,Bombana,Rumbia,Aneka Marga,10,10,D.I. Aneka Marga,,13.5,,,,,,,,,,,,,-,,1995/1996,,,,,,,,,,,,,,,,,"4°38'24.89""","121°59.21.16"""
32,LM. 11,Poleang - Roraya,DAS Roraya,1,9,740500110,Konawe Selatan,Basala,Lipumasagena,8,8,D.I. Lipumasagena,,7.17,,,,,,,,,,,,,-,,2007,,,,,,,,,,,,,,,,,"4°17'46.00""","122°3'47.63"""
33,P. 32KDI,Poleang - Roraya,DAS Roraya,1,9,740500054,Konawe Selatan,Tinanggea,Roraya I,15,15,D.I. Roraya,,20.6,,,,,,,,,,,,,-,,1995/1996,,,,,,,,,,,,,,,,,,
34,LM. 12,Poleang - Roraya,DAS Roraya,1,9,740500111,Konawe Selatan,Basala,Lipumasagena,4,4,D.I. Lipumasagena,,0.51,,,,,,,,,,,,,-,,2007,,,,,,,,,,,,,,,,,,
35,P. 09BTN,Poleang - Roraya,DAS Lantawanua,1,9,740600009,Bombana,Rumbia,Aneka Marga,15,15,D.I. Aneka Marga,,13,,,,,,,,,,,,,-,,1995/1996,,,,,,,,,,,,,,,,,"4°38'31.70""","122°59.20.96"""
36,LM. 13,Poleang - Roraya,DAS Roraya,1,9,740500112,Konawe Selatan,Basala,Lipumasagena,8,8,D.I. Lipumasagena,,12.08,,,,,,,,,,,,,-,,2007,,,,,,,,,,,,,,,,,"4°17'37.04""","122°3'43.32"""
37,P. 33KDI,Poleang - Roraya,DAS Roraya,1,9,740500055,Konawe Selatan,Tinanggea,Roraya II,10,10,D.I. Roraya,,14.2,,,,,,,,,,,,,-,,1995/1996,,,,,,,,,,,,,,,,,,
38,LM. 14,Poleang - Roraya,DAS Roraya,1,9,740500113,Konawe Selatan,Basala,Lipumasagena,8,8,D.I. Lipumasagena,,12.01,,,,,,,,,,,,,-,,2007,,,,,,,,,,,,,,,,,"4°17'50.44""","122°4'47.01"""
39,P. 10BTN,Poleang - Roraya,DAS Lantawanua,1,9,740600010,Bombana,Rumbia,Aneka Marga,12,12,D.I. Aneka Marga,,12.2,,,,,,,,,,,,,-,,1995/1996,,,,,,,,,,,,,,,,,"4°38'32.55""","121°59'28.84"""
40,P. 01 KDI,Poleang - Roraya,DAS Kambu,1,9,740500001,Konawe Selatan,Ranomeeto,Jati Bali,18,18,D.I. Jati Bali,,9,,,,,,,,,,,,,-,,1993/1994,,,,,,,,,,,,,,,,,,
41,P. 34KDI,Lasolo - Konaweha,DAS Konaweha,1,9,740500042,Konawe Selatan,Landono,Landono,12,12,D.I. Landono,,14.5,,,,,,,,,,,,,-,,1995/1996,,,,,,,,,,,,,,,,,,
42,P. 01 KLK,Towari - Lasusua,DAS Mangolo,1,9,740400001,Kolaka,Kolaka,Mangolo,0,0,D.I. Wolonggere,,4.4,,,,,,,,,,,,,87,,1997/1998,,,,,,,,,,,,,,,,,,
43,P. 11BTN,Poleang - Roraya,DAS Lantawanua,1,9,740600011,Bombana,Rumbia,Aneka Marga,14,14,D.I. Aneka Marga,,15,,,,,,,,,,,,,-,,1995/1996,,,,,,,,,,,,,,,,,"4°38'32.92""","121°59'36.01"""
44,P. 01 Konut,Lasolo - Konaweha,DAS Kokapi,1,9,740900001,Konawe Utara,Sawah,Sawah,-,-,,,1.15,,,,,,,,,,,,,50,,2002,,,,,,,,,,,,,,,,,,
45,P. 35KDI,Lasolo - Konaweha,DAS Konaweha,1,9,740500045,Konawe Selatan,Landono,Mulyasari,8,8,D.I. Mulyasari,,2.5,,,,,,,,,,,,,200,,1995/1996,,,,,,,,,,,,,,,,,,
46,P. 01 MNA,Muna,DAS Katangana,1,9,740500008,Muna Barat,Maginti,Abadi Jaya,17,17,D.I. Maginti,,15.14,,,,,,,,,,,,,-,,2006,,,,,,,,,,,,,,,,,"04o  51'  12,5” ","122o  22'  34,1”"
47,P. 12BTN,Poleang - Roraya,DAS Lantawanua,1,9,740600012,Bombana,Rumbia,Aneka Marga,14,14,D.I. Aneka Marga,,13.4,,,,,,,,,,,,,-,,1995/1996,,,,,,,,,,,,,,,,,,
48,P. 13BTN,Poleang - Roraya,DAS Lantawanua,1,9,740600013,Bombana,Rumbia,Aneka Marga,15,15,D.I. Aneka Marga,,11,,,,,,,,,,,,,-,,1995/1996,,,,,,,,,,,,,,,,,,
49,P. 14BTN,Poleang - Roraya,DAS Lantawanua,1,9,740600014,Bombana,Rumbia,Aneka Marga,15,15,D.I. Aneka Marga,,12.8,,,,,,,,,,,,,-,,1995/1996,,,,,,,,,,,,,,,,,,
50,P. 01KDI,Poleang - Roraya,DAS Kambu,1,9,740500024,Konawe Selatan,Ranomeeto,Ranooha,20,20,,,19.05,,,,,,,,,,,,,-,,2000,,,,,,,,,,,,,,,,,,
51,P. 36KDI,Lasolo - Konaweha,DAS Konaweha,1,9,740700001,Konawe   ,Pondidaha,Duriasih,-,-,,,5,,,,,,,,,,,,,1500,,1996/1997,,,,,,,,,,,,,,,,,,
52,P. 02 KDI,Poleang - Roraya,DAS Kambu,1,9,740500002,Konawe Selatan,Ranomeeto,Jati Bali,19,19,D.I. Jati Bali,,9,,,,,,,,,,,,,-,,1993/1994,,,,,,,,,,,,,,,,,,
53,P. 37 KDI,Poleang - Roraya,DAS Abeli,1,9,740300003,Kendari,Abeli,Lapulu,-,-,,,12,,,,,,,,,,,,,250,,1996/1997,,,,,,,,,,,,,,,,,,
54,P. 02 KLK,Towari - Lasusua,DAS Mangolo,1,9,740400002,Kolaka,Kolaka,Mangolo,0,0,D.I. Wolonggere,,6.93,,,,,,,,,,,,,122,,1997/1998,,,,,,,,,,,,,,,,,,
55,P. 15BTN,Poleang - Roraya,DAS Lantawanua,1,9,740600015,Bombana,Rumbia,Aneka Marga,15,15,D.I. Aneka Marga,,12.4,,,,,,,,,,,,,-,,1995/1996,,,,,,,,,,,,,,,,,"4°38'39.25""","121°54'40.65"""
56,P. 02 Konut,Lasolo - Konaweha,DAS Kokapi,1,9,740900002,Konawe Utara,Sawah ,Sawah,-,-,,,0.44,,,,,,,,,,,,,-,,2002,,,,,,,,,,,,,,,,,,
57,P. 16BTN,Poleang - Roraya,DAS Lantawanua,1,9,740600016,Bombana,Rumbia,Aneka Marga,13,13,D.I. Aneka Marga,,11.4,,,,,,,,,,,,,-,,1995/1996,,,,,,,,,,,,,,,,,,
58,P. 02 MNA,Muna,DAS Katangana,1,9,740500007,Muna Barat,Maginti,Abadi Jaya,19,19,D.I. Maginti,,15.14,,,,,,,,,,,,,-,,2006,,,,,,,,,,,,,,,,,"04o  51'  00,7” ","122o  22’  27,6” "
59,P. 24 BTN,Poleang - Roraya,DAS Lantawanua,1,9,740600017,Bombana,Rumbia,Aneka Marga,13,13,D.I. Aneka Marga,,14.11,,,,,,,,,,,,,-,,1996/1997,,,,,,,,,,,,,,,,,,
60,P. 25BTN,Poleang - Roraya,DAS Mandumandula,1,9,740600018,Bombana,Lantari,Lantari,23,23,,,14.1,,,,,,,,,,,,,-,,1996/1997,,,,,,,,,,,,,,,,,"4°36'27.48""","121°59'48.33"""
61,P. 39KDI,Poleang - Roraya,DAS Kambu,1,9,740500009,Konawe Selatan,Ranomeeto,Ranomeeto,11,11,D.I. Ranomeeto,,13.2,,,,,,,,,,,,,-,,1996/1997,,,,,,,,,,,,,,,,,"4°3'44.81""","122°27'43.86"""
62,P. 03 KLK,Towari - Lasusua,DAS Mangolo,1,9,740400003,Kolaka,Kolaka,Kolakaasih,0,0,D.I. Wolonggere,,14.4,,,,,,,,,,,,,150,,1997/1998,,,,,,,,,,,,,,,,,,
63,P. 4 AB,Towari - Lasusua,DAS Poeha,1,9,740400006,Kolaka,Watubangga,Watubangga,13,13,,,4.4,,,,,,,,,,,,,-,,2006,,Rusak Berat,,,,,,,,,,,,,,,,
64,P. 03 Konut,Lasolo - Konaweha,DAS Motui,1,9,740900003,Konawe Utara,Motui,Kapulano,6,6,,,2.93,,,,,,,,,,,,,-,,2012,,,,,,,,,,,,,,,,,,
65,P. 36A BTN,Poleang - Roraya,DAS Lantawanua,1,9,740600019,Bombana,Rumbia,Aneka Marga,10,10,D.I. Aneka Marga,,4.4,,,,,,,,,,,,,-,,1998/1999,,,,,,,,,,,,,,,,,"4°37'33.64""","121°59'48.33"""
66,P. 37BTN,Poleang - Roraya,DAS Lantawanua,1,9,740600020,Bombana,Rumbia,Aneka Marga,12,12,D.I. Aneka Marga,,15.37,,,,,,,,,,,,,-,,1998/1999,,,,,,,,,,,,,,,,,"4°37'32.26""","121°59'35.16"""
67,P. 40KDI,Poleang - Roraya,DAS Kambu,1,9,740500010,Konawe Selatan,Ranomeeto,Ranomeeto,10,10,D.I. Ranomeeto,,13.2,,,,,,,,,,,,,-,,1996/1997,,,,,,,,,,,,,,,,,"4°2'47.30""","122°27'37.06"""
68,P. 03JICA,Poleang - Roraya,DAS Moolo,1,9,740500063,Konawe Selatan,Tinanggea,Lapulu,8,8,D.I. Lapulu,,9,,,,,,,,,,,,,-,,2000,2011,,,,,,,,,,,,,,,,"4°28'30.44""","122°14'57.72"""
69,P. 38BTN,Poleang - Roraya,DAS Lantawanua,1,9,740600021,Bombana,Rumbia,Aneka Marga,12,12,D.I. Aneka Marga,,15.14,,,,,,,,,,,,,-,,1998/1999,,,,,,,,,,,,,,,,,"4°37'34.26""","121°08.68"""
70,P. 03KDI,Poleang - Roraya,DAS Kambu,1,9,740500020,Konawe Selatan,Ranomeeto,Sindang Kasih,21,21,D.I. Sindang Kasih,,12,,,,,,,,,,,,,-,,1993/1994,,,,,,,,,,,,,,,,,"4°5'14.47""","122°22'30.67"""
71,P. 41KDI,Poleang - Roraya,DAS Kambu,1,9,740500011,Konawe Selatan,Ranomeeto,Ranomeeto,13,13,D.I. Ranomeeto,,15.1,,,,,,,,,,,,,-,,1997/1998,,,,,,,,,,,,,,,,,4°2'47.30,"122°27'48.70"""
72,P. 03MNA,Muna,DAS Katangana,1,9,740500006,Muna Barat,Maginti,Abadi Jaya,19,19,D.I. Maginti,,20,,,,,,,,,,,,,-,,2008,,,,,,,,,,,,,,,,,"04o  51’ 08,2” ","122o  23’  06,3” "
73,P. 39BTN,Poleang - Roraya,DAS Lantawanua,1,9,740600022,Bombana,Rumbia,Aneka Marga,8,8,D.I. Aneka Marga,,14.23,,,,,,,,,,,,,-,,1998/1999,,,,,,,,,,,,,,,,,"4°37'47.44""","122°0'7.88"""
74,P. 17BTN,Poleang - Roraya,DAS Lantawanua,1,9,740600023,Bombana,Rumbia,Lomba Kasih,13,13,D.I. Lombakasih,,12.6,,,,,,,,,,,,,-,,1995/1996,,,,,,,,,,,,,,,,,,
75,P. 42KDI,Poleang - Roraya,DAS Kambu,1,9,740500012,Konawe Selatan,Ranomeeto,Ranomeeto,11,11,D.I. Ranomeeto,,12.5,,,,,,,,,,,,,-,,1997/1998,,,,,,,,,,,,,,,,,"4°2'31.15""","122°27'49.67"""
76,P. 04JICA,Poleang - Roraya,DAS Roraya,1,9,740500065,Konawe Selatan,Tinanggea,Moolo Indah,19,19,D.I. Molo Indah,,20.5,,,,,,,,,,,,,-,,2000,,,,,,,,,,,,,,,,,"4°27'52.19""","122°18'37.59"""
77,P. 18BTN,Poleang - Roraya,DAS Lantawanua,1,9,740600024,Bombana,Rumbia,Lomba Kasih,13,13,D.I. Lombakasih,,14.8,,,,,,,,,,,,,-,,1995/1996,,,,,,,,,,,,,,,,,"4°37'7.00""","121°59'45.48"""
78,P. 04KDI,Poleang - Roraya,DAS Kambu,1,9,740500021,Konawe Selatan,Ranomeeto,Sindang Kasih,25,25,D.I. Sindang Kasih,,10,,,,,,,,,,,,,-,,1993/1994,,,,,,,,,,,,,,,,,"4°5'11.43""","122°22'10.43"""
79,P. 43KDI,Poleang - Roraya,DAS Kambu,1,9,740500019,Konawe Selatan,Ranomeeto,Sindang Kasih,15,15,D.I. Sindang Kasih,,2.5,,,,,,,,,,,,,200,,1997/1998,,,,,,,,,,,,,,,,,"4°2'24.17""","122°27'26.69"""
80,P. 04KLK,Lasolo - Konaweha,DAS Konaweha,1,9,741000001,Kolaka Timur,Ladongi,Putemata,14,14,D.I. Putemata,,6.93,,,,,,,,,,,,,-,,1997/1998,,,,,,,,,,,,,,,,,,
81,P. 20 BTN   ,Poleang - Roraya,DAS Lantawanua,1,9,740600025,Bombana,Rumbia,Lomba Kasih,11,11,D.I. Lombakasih,,13.6,,,,,,,,,,,,,-,,1995/1996,,,,,,,,,,,,,,,,,4°37'8.13,"122°03.33"""
82,P. 04MNA,Muna,DAS Katangana,1,9,740500005,Muna Barat,Toworo Selatan,Parura Jaya,16,16,D.I. Maginti,,20,,,,,,,,,,,,,-,,2008,,,,,,,,,,,,,,,,,"04o   51’  30""",122o  23’  10” 
83,P. 44KDI,Poleang - Roraya,DAS Aosole,1,9,740500087,Konawe Selatan,Palangga,Waworaha,8,8,,,13.5,,,,,,,,,,,,,-,,1996/1997,,,,,,,,,,,,,,,,,,
84,P. 19BTN,Poleang - Roraya,DAS Lantawanua,1,9,740600026,Bombana,Rumbia,Lantari,13,13,D.I. Lantari,,13.1,,,,,,,,,,,,,-,,1995/1996,,,,,,,,,,,,,,,,,"4°37'24.85""","121°59'22.94"""
85,P. 45 KDI,Poleang - Roraya,DAS Parasi,1,9,740500085,Konawe Selatan,Palangga,Onembute,9,9,D.I. Onembute,,3.1,,,,,,,,,,,,,250,,1996/1997,,,,,,,,,,,,,,,,,,
86,P. 05 KDI,Lasolo - Konaweha,DAS Konaweha,1,9,740500037,Konawe Selatan,Landono,Mowila,23,23,D.I. Mowila,,12,,,,,,,,,,,,,-,,1993/1994,,,,,,,,,,,,,,,,,,
87,P. 21BTN,Poleang - Roraya,DAS Lantawanua,1,9,740600027,Bombana,Rumbia,Lantari,18,19,D.I. Lantari,,6,,,,,,,,,,,,,-,,1995/1996,,,,,,,,,,,,,,,,,"4°27'27.86""","122°9'38.67"""
88,P. 05 KLK,Lasolo - Konaweha,DAS Konaweha,1,9,741000002,Kolaka Timur,Ladongi,Putemata,9,9,D.I. Putemata,,8.4,,,,,,,,,,,,,250,,1997/1998,,,,,,,,,,,,,,,,,,
89,P. 22BTN,Poleang - Roraya,DAS Lantawanua,1,9,740600028,Bombana,Rumbia,Lantari,17,18,D.I. Lantari,,13.2,,,,,,,,,,,,,-,,1995/1996,,,,,,,,,,,,,,,,,"4°36'47.42""","122°0'1.96"""
90,P. 05 MNA,Muna,DAS Katangana,1,9,740500004,Muna Barat,Toworo Selatan,Parura Jaya,22,22,D.I. Maginti,,20,,,,,,,,,,,,,-,,2008,,,,,,,,,,,,,,,,,"04°  51'  07,7""","122°  23'  21,3"""
91,P. 46KDI,Poleang - Roraya,DAS Parasi,1,9,740500086,Konawe Selatan,Palangga,Onembute,11,11,D.I. Onembute,,3.5,,,,,,,,,,,,,150,,1996/1997,,,,,,,,,,,,,,,,,,
92,P. 23BTN,Poleang - Roraya,DAS Lantawanua,1,9,740600029,Bombana,Rumbia,Lantari,-,-,D.I. Lantari,,12.5,,,,,,,,,,,,,240,,1995/1996,,,,,,,,,,,,,,,,,,
93,P. 47 KDI,Poleang - Roraya,DAS Korumba,1,9,740300002,Kendari,Mandonga,P2ID Wua-wua,-,-,,,12.5,,,,,,,,,,,,,1250,,1997/1998,,,,,,,,,,,,,,,,,,
94,P. 06KDI,Poleang - Roraya,DAS Kambu,1,9,740500026,Konawe Selatan,Konda,Alebo,-,-,D.I. Lambusa,,5.2,,,,,,,,,,,,,250,,1993/1994,,,,,,,,,,,,,,,,,,
95,P. 26BTN,Poleang - Roraya,DAS Lantawanua,1,9,740600030,Bombana,Rumbia,Lantari,16,16,D.I. Lantari,,15,,,,,,,,,,,,,-,,1996/1997,,,,,,,,,,,,,,,,,"4°37'20.45""","121°59'49.13"""
96,P. 06KLK,Lasolo - Konaweha,DAS Konaweha,1,9,741000003,Kolaka Timur,Ladongi,Putemata,13,13,D.I. Putemata,,4.4,,,,,,,,,,,,,-,,1997/1998,,Rusak,,,,,,,,,,,,,,,,
97,P. 27BTN,Poleang - Roraya,DAS Lantawanua,1,9,740600031,Bombana,Rumbia,Lantari,14,14,D.I. Lantari,,19.2,,,,,,,,,,,,,-,,1996/1997,,,,,,,,,,,,,,,,,"4°37'19.04""","121°59'37.09"""
98,P. 06MNA,Muna,DAS Katangana,1,9,740500003,Muna Barat,Toworo Selatan,Parura Jaya,16,16,D.I. Maginti,,20,,,,,,,,,,,,,-,,2008,,,,,,,,,,,,,,,,,,
99,P. 48KDI,Poleang - Roraya,DAS Moolo,1,9,740500057,Konawe Selatan,Tinanggea,Lapulu,12,12,D.I. Lapulu,,2.5,,,,,,,,,,,,,-,,1997/1998,,,,,,,,,,,,,,,,,,
100,P. 07 MNA,Muna,DAS Katangana,1,9,740500002,Muna Barat,Toworo Selatan,Kasimpa Jaya,18,18,D.I. Maginti,,20,,,,,,,,,,,,,-,,2008,,,,,,,,,,,,,,,,,,
101,P. 28BTN,Poleang - Roraya,DAS Lantawanua,1,9,740600032,Bombana,Rumbia,Lantari,15,15,D.I. Lantari,,17,,,,,,,,,,,,,-,,1996/1997,,,,,,,,,,,,,,,,,"4°37'21.34""","121°0'15.09"""
102,P. 29BTN,Poleang - Roraya,DAS Lantawanua,1,9,740600033,Bombana,Rumbia,Lantari,15,15,D.I. Lantari,,12.5,,,,,,,,,,,,,-,,1996/1997,,,,,,,,,,,,,,,,,,
103,P. 49KDI,Poleang - Roraya,DAS Moolo,1,9,740500058,Konawe Selatan,Tinanggea,Lapulu,12,12,D.I. Lapulu,,13.5,,,,,,,,,,,,,-,,1997/1998,,,,,,,,,,,,,,,,,,
104,P. 07KDI,Poleang - Roraya,DAS Kambu,1,9,740500027,Konawe Selatan,Konda,Alebo,-,-,D.I. Lambusa,,3.5,,,,,,,,,,,,,200,,1993/1994,,,,,,,,,,,,,,,,,,
105,P. 50 BTN,Buton,DAS Bau - Bau,1,9,740100001,Buton,Sorawolio,Kaisabu,-,-,,,0.5,,,,,,,,,,,,,150,,2006,,,,,,,,,,,,,,,,,,
106,P. 07KLK,Towari - Lasusua,DAS Poeha,1,9,740400004,Kolaka,Watubangga,Watubangga,14,14,D.I. Watubangga,,6.93,,,,,,,,,,,,,-,,2006,,Rusak Berat,,,,,,,,,,,,,,,,
107,P. 50KDI,Poleang - Roraya,DAS Roraya,1,9,740500088,Konawe Selatan,Palangga,Palangga,11,11,,,3.1,,,,,,,,,,,,,-,,1998/1999,,,,,,,,,,,,,,,,,,
108,P. 08 KDI,Poleang - Roraya,DAS Kaku,1,9,740500048,Konawe Selatan,Tinanggea,Lapoa,23,23,D.I. Lapoa,,14.2,,,,,,,,,,,,,-,,1993/1994,,,,,,,,,,,,,,,,,"4°27'9.11""","122°11'9.89"""
109,P. 51KDI,Lasolo - Konaweha,DAS Konaweha,1,9,740700040,Konawe,Sampara,Anggalomeare,14,14,,,3.5,,,,,,,,,,,,,-,,1998/1999,,,,,,,,,,,,,,,,,"3°58'21.21""","122°25'49.02"""
110,P. 08 MNA,Muna,DAS Katangana,1,9,740500001,Muna Barat,Toworo Selatan,Katangana,20,20,D.I. Maginti,,20,,,,,,,,,,,,,-,,2008,,,,,,,,,,,,,,,,,,
111,P. 52KDI,Lasolo - Konaweha,DAS Konaweha,1,9,740700002,Konawe,Amonggedo,Amonggedo,16,16,D.I. Amonggedo,,19.11,,,,,,,,,,,,,-,,1998/1999,,,,,,,,,,,,,,,,,"3°52'54.13""","122°13'26.54"""
112,P. 30BTN,Poleang - Roraya,DAS Lantawanua,1,9,740600034,Bombana,Rumbia,Lantari,13,13,D.I. Lantari,,12.5,,,,,,,,,,,,,-,,1996/1997,,,,,,,,,,,,,,,,,"4°37'12.54""","121°59'24.93"""
113,P. 35BTN,Poleang - Roraya,DAS Lantawanua,1,9,740600035,Bombana,Rumbia,Lantari,9,9,D.I. Lantari,,6.93,,,,,,,,,,,,,-,,1998/1999,,,,,,,,,,,,,,,,,"4°38'52.12""","121°59'23.01"""
114,P. 08KLK,Towari - Lasusua,DAS Poeha,1,9,740400005,Kolaka,Watubangga,Watubangga,17,17,D.I. Watubangga,,8.4,,,,,,,,,,,,,-,,2006,,Rusak Berat,,,,,,,,,,,,,,,,
115,P. 53KDI,Lasolo - Konaweha,DAS Konaweha,1,9,740700004,Konawe,Pondidaha,Puasana,15,15,D.I. Amonggedo,,19.11,,,,,,,,,,,,,-,,1998/1999,,,,,,,,,,,,,,,,,,
116,P. 09 KLK,Towari - Lasusua,DAS Wolulu,1,9,740400007,Kolaka,Polinggona,Wulonggore,-,-,,,5.32,,,,,,,,,,,,,-,,2012,,,,,,,,,,,,,,,,,,
117,P. 40 BTN,Poleang - Roraya,DAS Lantawanua,1,9,740600036,Bombana,Rumbia,Lantari,9,9,D.I. Lantari,,15.14,,,,,,,,,,,,,-,,1998/2000,,,,,,,,,,,,,,,,,"4°37'20.90""","122° 0'1.72"""
118,P. 09 MNA,Muna,DAS Wangkaborona,1,9,740200001,Muna,Watupute,Labaha,17,17,D.I. Maginti,,20,,,,,,,,,,,,,-,,2008,,,,,,,,,,,,,,,,,,
119,P. 54KDI,Lasolo - Konaweha,DAS Konaweha,1,9,740700003,Konawe,Amonggedo,Amonggedo,10,10,D.I. Amonggedo,,14.23,,,,,,,,,,,,,-,,1998/1999,,,,,,,,,,,,,,,,,"3°53'8.99""","122°12'57.34"""
120,P. 41BTN,Poleang - Roraya,DAS Lantawanua,1,9,740600037,Bombana,Rumbia,Lantari,9,9,D.I. Lantari,,15.14,,,,,,,,,,,,,-,,1998/1999,,,,,,,,,,,,,,,,,"4°37'44.80""","121°59'41.50"""
121,P. 55KDI,Lasolo - Konaweha,DAS Konaweha,1,9,740700005,Konawe,Pondidaha,Puasana,16,16,D.I. Amonggedo,,3.5,,,,,,,,,,,,,-,,1998/1999,,,,,,,,,,,,,,,,,"3°51'33.86""","122°3'34.92"""
122,P. 09KDI,Poleang - Roraya,DAS Kaku,1,9,740500049,Konawe Selatan,Tinanggea,Lapoa,25,25,D.I. Lapoa,,10.5,,,,,,,,,,,,,-,,1993/1994,,,,,,,,,,,,,,,,,"4°27'13.35""","122°10'19.31"""
123,P. 56KDI,Lasolo - Konaweha,DAS Konaweha,1,9,740700006,Konawe,Pondidaha,Watulawu,15,15,D.I. Watulawu,,14.23,,,,,,,,,,,,,-,,1998/999,,,,,,,,,,,,,,,,,"3°51'33.86""","122°12'36.92"""
124,P. 100KDI,Lasolo - Konaweha,DAS Konaweha,1,9,740700025,Konawe,Pondidaha,Amesiu,20,20,,,18,,,,,,,,,,,,,-,,1999/2000,,,,,,,,,,,,,,,,,"3°558'12.55""","122°15'32.38"""
125,P. 57KDI,Lasolo - Konaweha,DAS Konaweha,1,9,740700007,Konawe,Pondidaha,Watulawa,20,20,,,14.23,,,,,,,,,,,,,-,,1998/1999,,,,,,,,,,,,,,,,,"3°53'13.34""","122°12'45.57"""
126,P. 102KDI,Poleang - Roraya,DAS Kambu,1,9,740500025,Konawe Selatan,Ranomeeto,Ambaipua,-,-,,,15,,,,,,,,,,,,,-,,2003,,,,,,,,,,,,,,,,,,
127,P. 58KDI,Poleang - Roraya,DAS Moolo,1,9,740500059,Konawe Selatan,Tinanggea,Lapulu,18,18,D.I. Lapulu,,19.11,,,,,,,,,,,,,-,,1998/1999,,,,,,,,,,,,,,,,,"4°28'31.79""","122°15'12.36"""
128,P. 103KDI,Poleang - Roraya,DAS Kaku,1,9,740500071,Konawe Selatan,Tinanggea,Rapea,16,16,D.I. Ngapaha,,15,,,,,,,,,,,,,-,,2003,,,,,,,,,,,,,,,,,4°27'31.14',"122°12'32.06"""
129,P. 59KDI,Poleang - Roraya,DAS Moolo,1,9,740500060,Konawe Selatan,Tinanggea,Lapulu,19,19,D.I. Lapulu,,19.11,,,,,,,,,,,,,-,,1998/1999,,,,,,,,,,,,,,,,,"4°28'7.68""","122°14'5.80"""
130,P. 104KDI,Poleang - Roraya,DAS Kaku,1,9,740500072,Konawe Selatan,Tinanggea,Ngapaha,18,18,D.I. Ngapaha,,15,,,,,,,,,,,,,-,,2003,,,,,,,,,,,,,,,,,,
131,P. 60KDI,Poleang - Roraya,DAS Roraya,1,9,740500066,Konawe Selatan,Tinanggea,Moolo Indah,16,16,D.I. Molo Indah,,14.23,,,,,,,,,,,,,-,,1998/1999,,,,,,,,,,,,,,,,,"4°28'8.76""","122°17'50.01"""
132,P. 105KDI,Poleang - Roraya,DAS Kaku,1,9,740500073,Konawe Selatan,Tinanggea,Ngapaha,7,7,D.I. Ngapaha,,15,,,,,,,,,,,,,-,,2003,,,,,,,,,,,,,,,,,"4°26'41.64""","122°131'24.78"""
133,P. 61KDI,Poleang - Roraya,DAS Roraya,1,9,740500067,Konawe Selatan,Tinanggea,Moolo Indah,14,14,D.I. Molo Indah,,14.23,,,,,,,,,,,,,-,,1998/1999,,,,,,,,,,,,,,,,,"4°28'25.36""","122°17'49.61"""
134,P. 106 KDI,Poleang - Roraya,DAS Roraya,1,9,740500117,Konawe Selatan,Andolo,Andolo Utara,4,4,,,1.5,,,,,,,,,,,,,-,,2003,,,,,,,,,,,,,,,,,,
135,P. 62KDI,Poleang - Roraya,DAS Roraya,1,9,740500068,Konawe Selatan,Tinanggea,Moolo Indah,10,10,D.I. Molo Indah,,10.19,,,,,,,,,,,,,-,,1998/1999,2008,,,,,,,,,,,,,,,,"4°28'15.59""","122°17'44.20"""
136,P. 107 KDI,Poleang - Roraya,DAS Roraya,1,9,740500118,Konawe Selatan,Andolo,Andolo Utara,5,5,,,2.5,,,,,,,,,,,,,-,,2003,,,,,,,,,,,,,,,,,,
137,P. 64KDI,Poleang - Roraya,DAS Moolo,1,9,740500061,Konawe Selatan,Tinanggea,Lapulu,16,16,D.I. Lapulu,,14.23,,,,,,,,,,,,,-,,1998/1999,,,,,,,,,,,,,,,,,"4°27'58.65""","122°15'27.25"""
138,P. 108 KDI,Poleang - Roraya,DAS Anduonohu,1,9,740300004,Konawe Selatan,Poasia,Unhalu,3,3,,,3,,,,,,,,,,,,,-,,2003,,,,,,,,,,,,,,,,,"4°0'30,85""","122°31'30,74"""
139,P. 65KDI,Poleang - Roraya,DAS Moolo,1,9,740500062,Konawe Selatan,Tinanggea,Lapulu,14,14,D.I. Lapulu,,14.23,,,,,,,,,,,,,-,,1998/1999,,,,,,,,,,,,,,,,,"4°28'15.51""","122°14'50.34"""
140,P. 109KDI,Lasolo - Konaweha,DAS Konaweha,1,9,740700029,Konawe,Puriala,Sonay,10,10,,,8,,,,,,,,,,,,,-,,2004,,,,,,,,,,,,,,,,,"4°1'40.91""","122°7'23.07"""
141,P. 66KDI,Poleang - Roraya,DAS Kambu,1,9,740500013,Konawe Selatan,Ranomeeto,Ranomeeto,15,15,D.I. Ranomeeto,,6.23,,,,,,,,,,,,,-,,1998/1999,,,,,,,,,,,,,,,,,"4°3'4.05""","122°28'4.84"""
142,P. 42BTN,Poleang - Roraya,DAS Lantawanua,1,9,740600038,Bombana,Rumbia,Lantari,8,8,D.I. Lantari,,14,,,,,,,,,,,,,-,,1998/1999,,,,,,,,,,,,,,,,,"4°37'33.76""","121°59'42.30"""
143,P. 67KDI,Poleang - Roraya,DAS Kambu,1,9,740500029,Konawe Selatan,Konda,Lambusa,8,8,D.I. Lambusa,,5.58,,,,,,,,,,,,,-,,1998/1999,,,,,,,,,,,,,,,,,,
144,P. 10KDI,Poleang - Roraya,DAS Kaku,1,9,740500050,Konawe Selatan,Tinanggea,Lapoa,15,15,D.I. Lanowulu,,10.7,,,,,,,,,,,,,-,,1993/1994,2011,,,,,,,,,,,,,,,,"4°27'28.77""",122°8'38.29
145,P. 68KDI,Lasolo - Konaweha,DAS Konaweha,1,9,740700014,Konawe,Pondidaha,Watulawa I,15,15,D.I Amandete,,10.19,,,,,,,,,,,,,-,,1998/1999,,,,,,,,,,,,,,,,,"3°53'20.72""","122°12'32.30"""
146,P. 10KLK,Towari - Lasusua,DAS Wolulu,1,9,740400008,Kolaka,Polinggona,Wulonggore,-,-,,,21.4,,,,,,,,,,,,,-,,2012,,,,,,,,,,,,,,,,,,
147,P. 69KDI,Lasolo - Konaweha,DAS Konaweha,1,9,740700015,Konawe,Pondidaha,Watulawa II,15,15,,,14.23,,,,,,,,,,,,,-,,1998/1999,,,,,,,,,,,,,,,,,"3°53'24.72""","122°12'20.50"""
148,P. 11 KDI,Poleang - Roraya,DAS Kambu,1,9,740500003,Konawe Selatan,Ranomeeto,Jati Bali,17,17,D.I. Jati Bali,,10.2,,,,,,,,,,,,,-,,1993/1995,,,,,,,,,,,,,,,,,,
149,P. 70KDI,Lasolo - Konaweha,DAS Konaweha,1,9,740700016,Konawe,Pondidaha,Watulawa III,12,12,,,10.19,,,,,,,,,,,,,-,,1998/1999,,,,,,,,,,,,,,,,,"3°53'24.50""","122°11'56.89"""
150,P. 110KDI,Lasolo - Konaweha,DAS Konaweha,1,9,740700030,Konawe,Puriala,Puusangi,30,30,D.I. Puusangi,,20,,,,,,,,,,,,,-,,2004,,,,,,,,,,,,,,,,,"4°0'6.64""","122°6'1.85"""
151,P. 71KDI,Poleang - Roraya,DAS Kambu,1,9,740500014,Konawe Selatan,Ranomeeto,Ranomeeto,18,18,D.I. Ranomeeto,,8.47,,,,,,,,,,,,,-,,1999/2000,,,,,,,,,,,,,,,,,"4°2'12.70""","122°27'21.35"""
152,P. 113 KNS,Poleang - Roraya,DAS Roraya,1,9,740500119,Konawe Selatan,Andolo,Bimamara,-,-,,,2,,,,,,,,,,,,,-,,2005,,,,,,,,,,,,,,,,,"4°19'32.31""","122°7'14.52"""
153,P. 72KDI,Poleang - Roraya,DAS Kambu,1,9,740500015,Konawe Selatan,Ranomeeto,Ranomeeto,16,16,D.I. Ranomeeto,,8.23,,,,,,,,,,,,,-,,1999/2000,,,,,,,,,,,,,,,,,"4°3'12.68""","122°27'15.93"""
154,P. 114KNS,Poleang - Roraya,DAS Kaku,1,9,740500074,Konawe Selatan,Tinanggea,Asingi,20,20,D.I. Asingi,,11.2,,,,,,,,,,,,,-,,2005,,,,,,,,,,,,,,,,,"4°26'31.80""","122°12'26.87"""
155,P. 73 KDI,Poleang - Roraya,DAS Kambu,1,9,740500016,Konawe Selatan,Ranomeeto,Ranomeeto,20,20,D.I. Ranomeeto,,5.68,,,,,,,,,,,,,-,,1999/2000,,,,,,,,,,,,,,,,,"4°3'20.53""","122°28'1.00"""
156,P. 115KNS,Poleang - Roraya,DAS Kaku,1,9,740500075,Konawe Selatan,Tinanggea,Asingi,11,11,D.I. Asingi,,11.75,,,,,,,,,,,,,-,,2006,,,,,,,,,,,,,,,,,"4°26'49.71""","122°12'17.57"""
157,P. 74KDI,Poleang - Roraya,DAS Kambu,1,9,740500017,Konawe Selatan,Ranomeeto,Ranomeeto,17,17,D.I. Ranomeeto,,5.58,,,,,,,,,,,,,-,,1999/2000,,,,,,,,,,,,,,,,,"4°3'10.54""","122°28'13.36"""
158,P. 116KNS,Poleang - Roraya,DAS Kaku,1,9,740500076,Konawe Selatan,Tinanggea,Asingi,-,-,D.I. Asingi,,10,,,,,,,,,,,,,-,,2006,,,,,,,,,,,,,,,,,"4°27'14.79""","122°12'23.48"""
159,P. 75KDI,Poleang - Roraya,DAS Roraya,1,9,740500070,Konawe Selatan,Tinanggea,Wali Melowe,17,17,,,9.31,,,,,,,,,,,,,-,,1999/2000,2008,,,,,,,,,,,,,,,,,
160,P. 118KNS,Poleang - Roraya,DAS Manggabutu,1,9,740500078,Konawe Selatan,Tinanggea,Wadonggo,15,15,D.I. Wadonggo,,17,,,,,,,,,,,,,-,,2006,,,,,,,,,,,,,,,,,"4°27'59.58""","122°96'16.76"""
161,P. 76KDI,Poleang - Roraya,DAS Roraya,1,9,740500089,Konawe Selatan,Angata,Lipu masagena,8,8,D.I. Lipumasagena,,7.68,,,,,,,,,,,,,-,,1999/2000,,,,,,,,,,,,,,,,,"4°17'44.18""","122°3'47.07"""
162,P. 119KDI,Poleang - Roraya,DAS Moolo,1,9,740500064,Konawe Selatan,Tinanggea,Lapulu,-,-,D.I. Lapulu,,25,,,,,,,,,,,,,-,,2006,,,,,,,,,,,,,,,,,"4°28'8.92""","122°15'38.56"""
163,P. 77KDI,Poleang - Roraya,DAS Roraya,1,9,740500091,Konawe Selatan,Angata,Basala,20,20,D.I. Basala,,8.48,,,,,,,,,,,,,-,,1999/2000,,,,,,,,,,,,,,,,,"4°17'55.86""","122°3'12.90"""
164,P. 119KNS,Poleang - Roraya,DAS Manggabutu,1,9,740500077,Konawe Selatan,Tinanggea,Wadonggo,18,18,D.I. Wadonggo,,18,,,,,,,,,,,,,-,,2006,,,,,,,,,,,,,,,,,"4°28'8.57""","122°96'22.82"""
165,P. 78KDI,Poleang - Roraya,DAS Roraya,1,9,740500090,Konawe Selatan,Angata,Lipu masagena,-,-,D.I. Lipumasagena,,6.93,,,,,,,,,,,,,-,,1999/2000,,,,,,,,,,,,,,,,,,
166,P. 43BTN,Poleang - Roraya,DAS Lantawanua,1,9,740600039,Bombana,Rumbia,Lantari,9,9,D.I. Lantari,,12.6,,,,,,,,,,,,,-,,1998/1999,,,,,,,,,,,,,,,,,"4°37'21.00""",
167,P. 79KDI,Lasolo - Konaweha,DAS Konaweha,1,9,740700008,Konawe,Pondidaha,Watulawa,27,27,,,14.46,,,,,,,,,,,,,-,,1998/1999,,,,,,,,,,,,,,,,,,
168,P. 11KLK,Towari - Lasusua,DAS Wolulu,1,9,740400009,Kolaka,Polinggona,Wulonggore,-,-,,,13.86,,,,,,,,,,,,,-,,2012,,,,,,,,,,,,,,,,,,
169,P. 80KDI,Lasolo - Konaweha,DAS Konaweha,1,9,740700009,Konawe,Pondidaha,Watulawa,26,26,,,15.46,,,,,,,,,,,,,-,,1998/1999,,,,,,,,,,,,,,,,,"3°53'23.07""","122°12'5.13"""
170,P. 12 KDI,Poleang - Roraya,DAS Kambu,1,9,740500004,Konawe Selatan,Ranomeeto,Jati Bali,22,23,D.I. Jati Bali,,11.25,,,,,,,,,,,,,-,,1993/1994,2011,,,,,,,,,,,,,,,,,
171,P. 81KDI,Lasolo - Konaweha,DAS Konaweha,1,9,740700010,Konawe,Pondidaha,Watulawa,25,25,,,15.14,,,,,,,,,,,,,-,,1998/1999,,,,,,,,,,,,,,,,,"3°53'39.04""","122°12'10.11"""
172,P. 120 KNS,Poleang - Roraya,DAS Aosole,1,9,740500120,Konawe Selatan,Lainea,Lambakara,-,-,,,12.11,,,,,,,,,,,,,-,,2006,,,,,,,,,,,,,,,,,"4°20'42.53""","122°29'29.25"""
173,P. 82KDI,Lasolo - Konaweha,DAS Konaweha,1,9,740700011,Konawe,Pondidaha,Watulawa,18,18,D.I. Watulawu,,11.71,,,,,,,,,,,,,-,,1998/1999,,,,,,,,,,,,,,,,,"3°52'52.67""","122°12'57.42"""
174,P. 121KDI,Lasolo - Konaweha,DAS Konaweha,1,9,740700031,Konawe,Puriala,Puusangi,11,11,D.I. Puusangi,,10.19,,,,,,,,,,,,,-,,2006,,,,,,,,,,,,,,,,,"3°59'52.62""","122°6'18.99"""
175,P. 83KDI,Lasolo - Konaweha,DAS Konaweha,1,9,740700012,Konawe,Pondidaha,Watulawa,17,17,D.I. Watulawu,,14.71,,,,,,,,,,,,,-,,1998/1999,,,,,,,,,,,,,,,,,"3°52'56.30""","122°12'36.02"""
176,P. 122KDI,Lasolo - Konaweha,DAS Konaweha,1,9,740700032,Konawe,Puriala,Puusangi,18,18,D.I. Puusangi,,24.86,,,,,,,,,,,,,-,,2006,,,,,,,,,,,,,,,,,"3°59'49.38""","122°6'29.75"""
177,P. 84KDI,Lasolo - Konaweha,DAS Konaweha,1,9,740700013,Konawe,Pondidaha,Watulawa,24,24,,,14.68,,,,,,,,,,,,,-,,1998/1999,,,,,,,,,,,,,,,,,"3°52'58.14""","122°12'20.10"""
178,P. 123KNW,Lasolo - Konaweha,DAS Konaweha,1,9,740700033,Konawe,Puriala ,Puusangi,12,12,D.I. Puusangi,,14.23,,,,,,,,,,,,,-,,2006,,,,,,,,,,,,,,,,,"3°59.51.63""","122°6'2.45"""
179,P. 85KDI,Lasolo - Konaweha,DAS Konaweha,1,9,740700017,Konawe,Pondidaha,Amandete,17,17,,,15.37,,,,,,,,,,,,,-,,1998/1999,,,,,,,,,,,,,,,,,"3°52'35.27""","122°13'17.80"""
180,P. 124KDI,Lasolo - Konaweha,DAS Konaweha,1,9,740700034,Konawe,Puriala,Lalonggatu,14,14,,,10.01,,,,,,,,,,,,,-,,2006,,,,,,,,,,,,,,,,,"3°59'44.77""","122°5'40.18"""
181,P. 86KDI,Lasolo - Konaweha,DAS Konaweha,1,9,740700018,Konawe,Pondidaha,Amandete,18,18,D.I. Watulawu,,14.23,,,,,,,,,,,,,-,,1998/1999,,,,,,,,,,,,,,,,,"3°52'18.28""","122°12'11.93"""
182,P. 125 KDI,Poleang - Roraya,DAS Kambu,1,9,740300005,Kendari,Baruga ,Amohalo,8,8,D.I. Nanga - Nanga,,20,,,,,,,,,,,,,-,,2008,,,,,,,,,,,,,,,,,"4°4'31,74""","122°31'9,29"""
183,P. 87KDI,Lasolo - Konaweha,DAS Konaweha,1,9,740700019,Konawe,Pondidaha,Amandete,17,17,,,14.23,,,,,,,,,,,,,-,,1998/1999,,,,,,,,,,,,,,,,,"3°52'43.26""","122°12'15.48"""
184,P. 126 KDI,Poleang - Roraya,DAS Kambu,1,9,740300006,Kendari,Baruga ,Amohalo,15,15,D.I. Nanga - Nanga,,15,,,,,,,,,,,,,-,,2008,,,,,,,,,,,,,,,,,"4°4'37,54""","122°31'5,36"""
185,P. 88   ,Lasolo - Konaweha,DAS Konaweha,1,9,741000009,Kolaka Timur,Ladongi,Lalowosua,-,-,,,,,,,,,,,,,,,,-,,1998,,,,,,,,,,,,,,,,,,
186,P. 127 KDI,Poleang - Roraya,DAS Kambu,1,9,740300007,Kendari,Baruga ,Amohalo,17,17,D.I. Nanga - Nanga,,14,,,,,,,,,,,,,-,,2008,,,,,,,,,,,,,,,,,"4°4'46,85""","122°31'5,91"""
187,P. 88KDI,Lasolo - Konaweha,DAS Konaweha,1,9,740700020,Konawe,Pondidaha,Amandete,18,18,D.I. Watulawu,,8.47,,,,,,,,,,,,,-,,1998/1999,,,,,,,,,,,,,,,,,"3°52'51.72""","122°13'9.82"""
188,P. 128 KDI,Poleang - Roraya,DAS Kambu,1,9,740300008,Kendari,Baruga ,Amohalo,16,16,D.I. Nanga - Nanga,,8,,,,,,,,,,,,,-,,2008,,,,,,,,,,,,,,,,,"4°5'15,91""","122°31'21,59"""
189,P. 89  ,Lasolo - Konaweha,DAS Konaweha,1,9,741000010,Kolaka Timur,Ladongi,Lalowosua,-,-,,,,,,,,,,,,,,,,-,,1998,,,,,,,,,,,,,,,,,,
190,P. 129 KNS,Poleang - Roraya,DAS Kambu,1,9,740500031,Konawe Selatan,Konda,Lawoila,13,13,D.I. Lawoila,,15,,,,,,,,,,,,,-,,2008,2010,,,,,,,,,,,,,,,,,
191,P. 89KDI,Lasolo - Konaweha,DAS Konaweha,1,9,740700021,Konawe,Pondidaha,Amandete,18,18,,,8.47,,,,,,,,,,,,,-,,1999/2000,,,,,,,,,,,,,,,,,"3°52'51.72""","122°12'8.08"""
192,P. 44BTN,Poleang - Roraya,DAS Lantawanua,1,9,740600040,Bombana,Rumbia,Lantari,8,8,D.I. Lantari,,14.5,,,,,,,,,,,,,-,,1998/1999,,,,,,,,,,,,,,,,,"4°37'22.26""","121°59'57.82"""
193,P. 90KDI,Lasolo - Konaweha,DAS Konaweha,1,9,740700022,Konawe,Pondidaha,Amandete,17,17,,,20.23,,,,,,,,,,,,,-,,1999/2000,,,,,,,,,,,,,,,,,"3°52'29.24""",122°11'57.92'
194,P. 12KLK,Towari - Lasusua,DAS Wolulu,1,9,740400010,Kolaka,Polinggona,Wulonggore,-,-,,,13.22,,,,,,,,,,,,,-,,2012,,,,,,,,,,,,,,,,,,
195,P. 91KDI,Lasolo - Konaweha,DAS Konaweha,1,9,740700023,Konawe,Pondidaha,Amandete,19,19,,,11.54,,,,,,,,,,,,,-,,1999/2000,,,,,,,,,,,,,,,,,"3°53'1.54""","122°11'59.34"""
196,P. 13 KDI,Poleang - Roraya,DAS Kambu,1,9,740500005,Konawe Selatan,Ranomeeto,Jati Bali,22,22,D.I. Jati Bali,,13.1,,,,,,,,,,,,,-,,1993/1994,2011,,,,,,,,,,,,,,,,,
197,P. 92KDI,Lasolo - Konaweha,DAS Konaweha,1,9,740700024,Konawe,Pondidaha,Amandete,17,17,,,19.03,,,,,,,,,,,,,-,,1999/2000,,,,,,,,,,,,,,,,,"3°52'37.70""","122°11'51.59"""
198,P. 130 KNS,Poleang - Roraya,DAS Kambu,1,9,740500032,Konawe Selatan,Konda,Lawoila,17,17,D.I. Lawoila,,18,,,,,,,,,,,,,-,,2008,,,,,,,,,,,,,,,,,,
199,P. 94 KDI,Poleang - Roraya,DAS Andinete,1,9,740500114,Konawe Selatan,Kolono,Langgowala,,,D.I. Langgowala,,2,,,,,,,,,,,,,-,,2001,,,,,,,,,,,,,,,,,,
200,P. 131 KNS,Poleang - Roraya,DAS Kambu,1,9,740500033,Konawe Selatan,Konda,Lawoila,12,12,D.I. Lawoila,,15,,,,,,,,,,,,,-,,2008,,,,,,,,,,,,,,,,,,
201,P. 95KDI,Poleang - Roraya,DAS Andinete,1,9,740500115,Konawe Selatan,Kolono,Langgowala,10,10,D.I. Langgowala,,8,,,,,,,,,,,,,-,,2001,,,,,,,,,,,,,,,,,"4°18'45.12""","122°39'38.61"""
202,P. 132 KNS,Poleang - Roraya,DAS Kambu,1,9,740500034,Konawe Selatan,Konda,Lawoila,18,18,D.I. Lawoila,,10,,,,,,,,,,,,,-,,2008,2011,,,,,,,,,,,,,,,,,
203,P. 96 KDI,Poleang - Roraya,DAS Andinete,1,9,740500116,Konawe Selatan,Kolono,Langgowala,20,20,D.I. Langgowala,,12.47,,,,,,,,,,,,,-,,2001,,,,,,,,,,,,,,,,,4°18'35.91,"122°39'48.15"""
204,P. 133 KNS,Poleang - Roraya,DAS Kambu,1,9,740500035,Konawe Selatan,Konda,Lawoila,12,12,D.I. Lawoila,,12,,,,,,,,,,,,,-,,2008,,,,,,,,,,,,,,,,,,
205,P. 97KDI,Lasolo - Konaweha,DAS Konaweha,1,9,740700026,Konawe,Abuki,Asolu,9,9,D.I. Asolu,,10,,,,,,,,,,,,,-,,2002,,,,,,,,,,,,,,,,,"3°44'17.83""",122°53'38.00'
206,P. 134 KNS,Poleang - Roraya,DAS Kambu,1,9,740500036,Konawe Selatan,Konda,Lawoila,11,11,D.I. Lawoila,,6,,,,,,,,,,,,,-,,2008,,,,,,,,,,,,,,,,,,
207,P. 98KDI,Lasolo - Konaweha,DAS Konaweha,1,9,740700027,Konawe,Abuki,Asolu,4,4,D.I. Asolu,,15,,,,,,,,,,,,,-,,2002,,,,,,,,,,,,,,,,,"3°44'0.87""","121°53'21.24"""
208,P. 135KNS,Poleang - Roraya,DAS Manggabutu,1,9,740500079,Konawe Selatan,Tinanggea,Wadonggo,20,20,D.I. Wadonggo,,20,,,,,,,,,,,,,-,,2008,2011,,,,,,,,,,,,,,,,,
209,P. 99KDI,Lasolo - Konaweha,DAS Konaweha,1,9,740700028,Konawe,Abuki,Asolu,12,12,D.I. Asolu,,20,,,,,,,,,,,,,-,,2002,,,,,,,,,,,,,,,,,"3°44'0.87""","121°52'55.14"""
210,P. 136KNS,Poleang - Roraya,DAS Manggabutu,1,9,740500080,Konawe Selatan,Tinanggea,Wadonggo,22,22,D.I. Wadonggo,,20,,,,,,,,,,,,,-,,2008,2016,,,,,,,,,,,,,,,,"4°28'20.54""","122°16'38.78"""
211,P. I AB,Poleang - Roraya,DAS Roraya,1,9,740500081,Konawe Selatan,Tinanggea,Lalowalu,-,-,,,-,,,,,,,,,,,,,-,,2006,,,,,,,,,,,,,,,,,,
212,P. 137 KDI,Poleang - Roraya,DAS Korumba,1,9,740300009,Kendari,Puuwatu,Punggolaka,-,-,,,1.5,,,,,,,,,,,,,250,,2008,,,,,,,,,,,,,,,,,,
213,P.23KDI,Lasolo - Konaweha,DAS Konaweha,1,9,740500043,Konawe Selatan,Landono,Mulyasari I ,13,13,D.I. Mulyasari,,12.2,,,,,,,,,,,,,-,,1994/1995,,,,,,,,,,,,,,,,,,
214,P. 137KNS,Poleang - Roraya,DAS Manggabutu,1,9,740500083,Konawe Selatan,Tinanggea,Watumelewe,16,16,,,18,,,,,,,,,,,,,-,,2008,,,,,,,,,,,,,,,,,,
215,P.24 Koltim,Towari - Lasusua,DAS Sabilambo,1,9,741000008,Kolaka Timur,Mowewe,Horodopi,22,22,,,14.23,,,,,,,,,,,,,-,,2013,,,,,,,,,,,,,,,,,,
216,P. 138 KDI,Poleang - Roraya,DAS Kambu,1,9,740300010,Kendari,Baruga ,baruga,-,-,,,8,,,,,,,,,,,,,300,,2010,,,,,,,,,,,,,,,,,"4°27'50,48""","122°17'6,65"""
217,P. 45BTN,Poleang - Roraya,DAS Lantawanua,1,9,740600041,Bombana,Rumbia,Lantari,9,9,D.I. Lantari,,15.1,,,,,,,,,,,,,-,,1998/1999,,,,,,,,,,,,,,,,,"4°37'33.98""","121°59'54.95"""
218,P. 138KNS,Poleang - Roraya,DAS Roraya,1,9,740500069,Konawe Selatan,Tinanggea,Moolo Indah,21,21,D.I. Molo Indah,,18,,,,,,,,,,,,,-,,2008,2010,,,,,,,,,,,,,,,,,
219,P. 46BTn,Poleang - Roraya,DAS Lantawanua,1,9,740600042,Bombana,Rumbia,Lantari,7,7,D.I. Lantari,,4,,,,,,,,,,,,,-,,1998/1999,,,,,,,,,,,,,,,,,"4°37'20.65""","121°0'9.25"""
220,P. 139 KDI,Poleang - Roraya,DAS Kambu,1,9,740300011,Kendari,Baruga ,Amohalo,-,-,,,0.5,,,,,,,,,,,,,-,,2010,,,,,,,,,,,,,,,,,,
221,P. 47BTN,Poleang - Roraya,DAS Lantawanua,1,9,740600043,Bombana,Rumbia,Lantari,8,8,D.I. Lantari,,15.4,,,,,,,,,,,,,-,,1998/1999,,,,,,,,,,,,,,,,,"4°37'22.06""","121°59'24.43"""
222,P. 139 KNS,Poleang - Roraya,DAS Roraya,1,9,740500121,Konawe Selatan,Punggaluku,Rambu - Rambu,7,7,,,8,,,,,,,,,,,,,-,,2011,2011,,,,,,,,,,,,,,,,"4°28'29.74""","122°17'33.51"""
223,P. 48BTn,Poleang - Roraya,DAS Lantawanua,1,9,740600044,Bombana,Rumbia,Lantari,10,10,D.I. Lantari,,15.37,,,,,,,,,,,,,-,,1999/2000,,,,,,,,,,,,,,,,,"4°28'2.48""","122°14'14.43"""
224,P. 49 BTN,Poleang - Roraya,DAS Lantawanua,1,9,740600045,Bombana,Rumbia,Lantari,9,9,D.I. Lantari,,15.37,,,,,,,,,,,,,-,,1999/2000,,,,,,,,,,,,,,,,,"4°28'26.17""","122°14'25.25"""
225,P. 31BTN,Poleang - Roraya,DAS Lantawanua,1,9,740600046,Bombana,Rumbia,Lantari,17,17,D.I. Aneka Marga,,13,,,,,,,,,,,,,-,,1996/1997,,,,,,,,,,,,,,,,,"4°40'56.12""","122°0'13.59"""
226,P. 13KLK,Towari - Lasusua,DAS Wolulu,1,9,740400011,Kolaka,Polinggona,Wulonggore,-,-,,,7.56,,,,,,,,,,,,,-,,2012,,,,,,,,,,,,,,,,,,
227,P. 32BTN,Poleang - Roraya,DAS Lantawanua,1,9,740600047,Bombana,Rumbia,Lantari,21,21,D.I. Aneka Marga,,13.2,,,,,,,,,,,,,-,,1996/1997,,,,,,,,,,,,,,,,,"4°25'11.87""","122°9'16.99"""
228,P. 140 KNS,Poleang - Roraya,DAS Roraya,1,9,740500122,Konawe Selatan,Punggaluku,Rambu - Rambu,12,12,,,8.21,,,,,,,,,,,,,-,,2011,2011,,,,,,,,,,,,,,,,,
229,P. 33BTN,Poleang - Roraya,DAS Lantawanua,1,9,740600048,Bombana,Rumbia,Hakaeya,19,19,D.I. Aneka Marga,,14,,,,,,,,,,,,,-,,1996/1997,,,,,,,,,,,,,,,,,,
230,P. 140KNW,Lasolo - Konaweha,DAS Motui,1,9,740700036,Konawe,Lambuya,Tanggobu,19,19,,,20,,,,,,,,,,,,,-,,2008,,,,,,,,,,,,,,,,,"3°59'17.39""","122°5'18.58"""
231,P. 34BTN,Poleang - Roraya,DAS Lantawanua,1,9,740600049,Bombana,Rumbia,Hakaeya,16,16,D.I. Aneka Marga,,4.4,,,,,,,,,,,,,-,,1997/1998,,,,,,,,,,,,,,,,,"4°41'6.28""","122°0'14.81"""
232,P. 141 KNS,Poleang - Roraya,DAS Moolo,1,9,740500123,Konawe Selatan,Tinanggea,Wadonggo,8,8,,,7.42,,,,,,,,,,,,,-,,2011,2011,,,,,,,,,,,,,,,,,
233,P. 36BTN,Poleang - Roraya,DAS Lantawanua,1,9,740600050,Bombana,Rumbia,Hakaeya,3,3,D.I. Aneka Marga,,6.93,,,,,,,,,,,,,-,,1998/1999,,,,,,,,,,,,,,,,,"4°41'5.76""","122°0'33.18"""
234,P. 141KNW,Lasolo - Konaweha,DAS Motui,1,9,740700037,Konawe,Lambuya,Tanggobu,18,18,,,20,,,,,,,,,,,,,-,,2008,,,,,,,,,,,,,,,,,"3°59'17.39""","122°5'30.71"""
235,TW. 01,Poleang - Roraya,DAS Roraya,1,9,740500092,Konawe Selatan,Angata,Basala,8,8,D.I. Basala,,5,,,,,,,,,,,,,-,,2004,,,,,,,,,,,,,,,,,,
236,P. 142 KNS,Poleang - Roraya,DAS Moolo,1,9,740500124,Konawe Selatan,Tinanggea,Matambawi,12,12,,,11.15,,,,,,,,,,,,,-,,2011,2011,,,,,,,,,,,,,,,,,
237,TW. 02 ,Poleang - Roraya,DAS Roraya,1,9,740500093,Konawe Selatan,Angata,Basala,14,14,D.I. Basala,,10,,,,,,,,,,,,,-,,2004,,,,,,,,,,,,,,,,,,
238,P. 142KNW,Lasolo - Konaweha,DAS Konaweha,1,9,740700035,Konawe,Puriala,Lalonggatu,15,15,,,17.5,,,,,,,,,,,,,-,,2008,,,,,,,,,,,,,,,,,"3°59'44.23""","122°5'58.73"""
239,TW. 03,Poleang - Roraya,DAS Roraya,1,9,740500094,Konawe Selatan,Angata,Basala,10,10,D.I. Basala,,15,,,,,,,,,,,,,-,,2004,,,,,,,,,,,,,,,,,,
240,P. 143 KNS,Poleang - Roraya,DAS Moolo,1,9,740500125,Konawe Selatan,Tinanggea,Lasuai,16,16,,,15.12,,,,,,,,,,,,,-,,2011,2011,,,,,,,,,,,,,,,,,
241,TW. 04,Lasolo - Konaweha,DAS Konaweha,1,9,740500046,Konawe Selatan,Landono,Sido Dadi,-,-,,,4,,,,,,,,,,,,,-,,2004,,,,,,,,,,,,,,,,,,
242,P. 143KNW,Lasolo - Konaweha,DAS Konaweha,1,9,740700038,Konawe,Lambuya,Ulumeraka,15,15,,,1,,,,,,,,,,,,,-,,2008,,,,,,,,,,,,,,,,,,
243,TW.05,Lasolo - Konaweha,DAS Konaweha,1,9,740500047,Konawe Selatan,Landono,Lalosingi,8,8,,,12,,,,,,,,,,,,,-,,2004,,,,,,,,,,,,,,,,,"4°4'49.16""","122°11'26.00"""
244,P. 144KNS,Poleang - Roraya,DAS Moolo,1,9,740500126,Konawe Selatan,Tinanggea,Akuni,9,9,,,13.14,,,,,,,,,,,,,-,,2011,2011,,,,,,,,,,,,,,,,,
245,P. 144KNW,Lasolo - Konaweha,DAS Konaweha,1,9,740700039,Konawe,Lambuya,Ulumeraka,10,10,,,1,,,,,,,,,,,,,-,,2008,,,,,,,,,,,,,,,,,,
246,P. 145,Lasolo - Konaweha,DAS Konaweha,1,9,740700041,konawe,Tongauna,Aolauna,12,12,,,1,,,,,,,,,,,,,-,,2008,,,,,,,,,,,,,,,,,,
247,P. 145 KNS,Poleang - Roraya,DAS Moolo,1,9,740500127,Konawe Selatan,Tinanggea,Akuni,8,8,,,13.25,,,,,,,,,,,,,-,,2011,2011,,,,,,,,,,,,,,,,,
248,P. 146 KNS,Poleang - Roraya,DAS Moolo,1,9,740500128,Konawe Selatan,Tinanggea,Wadonggo,10,10,,,12.11,,,,,,,,,,,,,-,,2013,,,,,,,,,,,,,,,,,,
249,P. 146KNW,Lasolo - Konaweha,DAS Konaweha,1,9,740700042,Konawe,Puriala,Lalonggatu,15,15,,,20,,,,,,,,,,,,,-,,2011,,,,,,,,,,,,,,,,,,
250,P. 147KNS,Poleang - Roraya,Das Wanggu,1,9,740500129,Konawe Selatan,Konda,Lalowu,7,7,,,5.58,,,,,,,,,,,,,-,,2013,,,,,,,,,,,,,,,,,,
251,P. 147KNW,Lasolo - Konaweha,DAS Konaweha,1,9,740700043,Konawe,Puriala,Lalonggatu,12,12,,,20,,,,,,,,,,,,,-,,2011,,,,,,,,,,,,,,,,,,
252,P. 148KNW,Lasolo - Konaweha,DAS Konaweha,1,9,740700044,Konawe,Puriala,Sonai,11,11,,,15,,,,,,,,,,,,,-,,2011,,,,,,,,,,,,,,,,,,
253,P. 149,Lasolo - Konaweha,DAS Konaweha,1,9,740700045,Konawe,Pondidaha,Watulowu,13,13,,,20.46,,,,,,,,,,,,,-,,2013,,,,,,,,,,,,,,,,,,
254,PA 01,Poleang - Roraya,DAS Lantawanua,1,9,740600051,Bombana,Rumbia,Aneka Marga,10,10,D.I. Aneka Marga,,14.23,,,,,,,,,,,,,-,,2006/2007,,,,,,,,,,,,,,,,,,
255,P. 14KDI,Poleang - Roraya,DAS Kambu,1,9,740500022,Konawe Selatan,Ranomeeto,Sindang Kasih,13,13,D.I. Sindang Kasih,,12.4,,,,,,,,,,,,,-,,1993/1994,2010,,,,,,,,,,,,,,,,"4°4'53.84""","122°22'45.05"""
256,P. 14KLK,Towari - Lasusua,DAS Wolulu,1,9,740400012,Kolaka,Watubangga,Wolulu,-,-,D.I. Wolulu,,12.73,,,,,,,,,,,,,-,,2012,,,,,,,,,,,,,,,,,,
257,P. 150,Lasolo - Konaweha,DAS Konaweha,1,9,740700046,Konawe,Pondidaha,Lalonona,16,16,,,19.11,,,,,,,,,,,,,-,,2013,,,,,,,,,,,,,,,,,,
258,P. 151,Lasolo - Konaweha,DAS Konaweha,1,9,740700047,Konawe,Pondidaha,Amandete,8,8,,,13.36,,,,,,,,,,,,,-,,2013,,,,,,,,,,,,,,,,,,
259,P. 151 KNS,Poleang - Roraya,DAS Osena,1,9,740500130,Konawe Selatan,Moramo,Moramo,10,10,,,8.25,,,,,,,,,,,,,-,,2014,,,,,,,,,,,,,,,,,,
260,P. 152,Lasolo - Konaweha,DAS Konaweha,1,9,740700048,Konawe,Pondidaha,Anahinunu,7,7,,,6.23,,,,,,,,,,,,,-,,2013,,,,,,,,,,,,,,,,,,
261,P. 152 KNS,Poleang - Roraya,DAS Osena,1,9,740500131,Konawe Selatan,Moramo,Marga Cinta,9,9,,,2.93,,,,,,,,,,,,,-,,2014,,,,,,,,,,,,,,,,,,
262,P. 153 KNS,Poleang - Roraya,DAS Andinete,1,9,740500132,Konawe Selatan,Kolono,Kolono,12,12,,,8.55,,,,,,,,,,,,,-,,2014,,,,,,,,,,,,,,,,,,
263,P. 154 KNS,Poleang - Roraya,DAS Andinete,1,9,740500133,Konawe Selatan,Kolono,Mataiwoi,8,8,,,4.93,,,,,,,,,,,,,-,,2014,,,,,,,,,,,,,,,,,,
264,P. 155 KNS,Poleang - Roraya,DAS Windo,1,9,740500134,Konawe Selatan,Laeya,Pangan Jaya,15,15,,,10.15,,,,,,,,,,,,,-,,2014,,,,,,,,,,,,,,,,,,
265,P. 156  ,Lasolo - Konaweha,DAS Konaweha,1,9,741000011,Kolaka Timur,Ladongi,Lalowosua,-,-,,,,,,,,,,,,,,,,-,,1998,,,,,,,,,,,,,,,,,,
266,P. 156KNS,Poleang - Roraya,DAS Windo,1,9,740500135,Konawe Selatan,Laeya,Pamandati,17,17,,,12.23,,,,,,,,,,,,,-,,2014,,,,,,,,,,,,,,,,,,
267,P. 157KNS,Poleang - Roraya,DAS Windo,1,9,740500136,Konawe Selatan,Amando,Amando,0,0,,,6.11,,,,,,,,,,,,,-,,2014,,,,,,,,,,,,,,,,,,
268,P. 158KNS,Poleang - Roraya,DAS Aosole,1,9,740500137,Konawe Selatan,Palangga,Kiaeya,8.5,8.5,,,5.88,,,,,,,,,,,,,-,,2014,,,,,,,,,,,,,,,,,,
269,P. 159KNS,Poleang - Roraya,DAS Moolo,1,9,740500138,Konawe Selatan,Tinanggea,Lapulu,11,11,,,11.31,,,,,,,,,,,,,-,,2014,,,,,,,,,,,,,,,,,,
270,PA 02,Poleang - Roraya,DAS Lantawanua,1,9,740600052,Bombana,Rumbia,Aneka Marga,15,15,D.I. Aneka Marga,,15.7,,,,,,,,,,,,,-,,2006/2007,,,,,,,,,,,,,,,,,,
271,P. 15KDI,Poleang - Roraya,DAS Kambu,1,9,740500006,Konawe Selatan,Ranomeeto,Jati Bali,14,15,D.I. Jati Bali,,13.1,,,,,,,,,,,,,-,,1994/1995,,,,,,,,,,,,,,,,,,
272,P. 15KLK,Towari - Lasusua,DAS Wolulu,1,9,740400013,Kolaka,Watubangga,Wolulu,-,-,D.I. Wolulu,,13.15,,,,,,,,,,,,,-,,2012,,,,,,,,,,,,,,,,,,
273,P. 160KNS,Poleang - Roraya,DAS Aosole,1,9,740500139,Konawe Selatan,Konda,Cialam,13,13,,,10.18,,,,,,,,,,,,,-,,2014,,,,,,,,,,,,,,,,,,
274,P. 161KNS,Poleang - Roraya,DAS Aosole,1,9,740500140,Konawe Selatan,Konda,Tanea,8,8,,,3.52,,,,,,,,,,,,,-,,2014,,,,,,,,,,,,,,,,,,
275,P. 162KNS,Poleang - Roraya,DAS Aosole,1,9,740500141,Konawe Selatan,Konda,Lambusa,10,10,,,6.72,,,,,,,,,,,,,-,,2014,,,,,,,,,,,,,,,,,,
276,P. 163KNS,Poleang - Roraya,DAS Aosole,1,9,740500142,Konawe Selatan,Konda,Lambusa,12,12,,,12.27,,,,,,,,,,,,,-,,2014,,,,,,,,,,,,,,,,,,
277,P. 164KNS,Poleang - Roraya,DAS Aosole,1,9,740500143,Konawe Selatan,Konda,Lamomea,0,0,,,0.99,,,,,,,,,,,,,150,,2014,,,,,,,,,,,,,,,,,,
278,P. 165KNS,Lasolo - Konaweha,DAS Konaweha,1,9,740500144,Konawe Selatan,Landono,Landono,10.5,10.5,,,7.98,,,,,,,,,,,,,-,,2014,,,,,,,,,,,,,,,,,,
279,P. 166KNS,Lasolo - Konaweha,DAS Konaweha,1,9,740500145,Konawe Selatan,Landono,Landono,7,7,,,6.93,,,,,,,,,,,,,-,,2014,,,,,,,,,,,,,,,,,,
280,P. 167KNS,Lasolo - Konaweha,DAS Konaweha,1,9,740500146,Konawe Selatan,Mowila,Pudahoa,5,5,,,6.76,,,,,,,,,,,,,175,,2014,,,,,,,,,,,,,,,,,,
281,P. 168KNS,Lasolo - Konaweha,DAS Konaweha,1,9,740500147,Konawe Selatan,Angata,Puunggoni,11,11,,,8.55,,,,,,,,,,,,,-,,2014,,,,,,,,,,,,,,,,,,
282,P. 169KNS,Lasolo - Konaweha,DAS Konaweha,1,9,740500148,Konawe Selatan,Angata,Puunggoni,10,10,,,7.89,,,,,,,,,,,,,-,,2014,,,,,,,,,,,,,,,,,,
283,PA 05,Poleang - Roraya,DAS Lantawanua,1,9,740600053,Bombana,Rumbia,Aneka Marga,9,9,D.I. Aneka Marga,,14.43,,,,,,,,,,,,,-,,2006/2007,,,,,,,,,,,,,,,,,,
284,P. 16KDI,Poleang - Roraya,DAS Kambu,1,9,740500023,Konawe Selatan,Ranomeeto,Sindang Kasih,14,14,D.I. Sindang Kasih,,8,,,,,,,,,,,,,-,,1994/1995,2011,,,,,,,,,,,,,,,,"4°4'42.21""","122°22'46.63"""
285,P. 16KLK,Towari - Lasusua,DAS Toari,1,9,740400014,Kolaka,Watubangga,Gunung Sari,-,-,D.I Gunung Sari,,5.58,,,,,,,,,,,,,-,,2012,,,,,,,,,,,,,,,,,,
286,P. 17 KDI,Lasolo - Konaweha,DAS Konaweha,1,9,740500038,Konawe Selatan,Landono,Mowila,18,18,D.I. Mowila,,12.5,,,,,,,,,,,,,-,,1994/1995,,,,,,,,,,,,,,,,,,
287,P. 17 KLK,Towari - Lasusua,DAS Toari,1,9,740400015,Kolaka,Watubangga,Gunung Sari,-,-,D.I Gunung Sari,,13.36,,,,,,,,,,,,,-,,2012,,,,,,,,,,,,,,,,,,
288,P. 170KNS,Lasolo - Konaweha,DAS Konaweha,1,9,740500149,Konawe Selatan,Angata,Lamooso,15,15,,,13.27,,,,,,,,,,,,,-,,2014,,,,,,,,,,,,,,,,,,
289,PA 11,Poleang - Roraya,DAS Lantawanua,1,9,740600054,Bombana,Rumbia,Aneka Marga,13,13,D.I. Aneka Marga,,11.12,,,,,,,,,,,,,-,,2006/2007,,,,,,,,,,,,,,,,,,
290,PA 06,Poleang - Roraya,DAS Lantawanua,1,9,740600055,Bombana,Rumbia,Aneka Marga,13,13,D.I. Aneka Marga,,10.23,,,,,,,,,,,,,-,,2006/2003,,,,,,,,,,,,,,,,,,
291,P. 18KDI,Poleang - Roraya,DAS Kambu,1,9,740500028,Konawe Selatan,Konda,Lambusa,15,15,D.I. Lambusa,,10.5,,,,,,,,,,,,,-,,1994/1995,,,,,,,,,,,,,,,,,,
292,P. 18KLK,Towari - Lasusua,DAS Toari,1,9,740400016,Kolaka,Watubangga,Lamunde,-,-,D.I. Lamunde,,12.32,,,,,,,,,,,,,-,,2012,,,,,,,,,,,,,,,,,,
293,P. 19 KLK,Towari - Lasusua,DAS Toari,1,9,740400017,Kolaka,Watubangga,Lamunde,-,-,D.I. Lamunde,,15.37,,,,,,,,,,,,,-,,2012,,,,,,,,,,,,,,,,,,
294,PA 25,Poleang - Roraya,DAS Uemata,1,9,740600056,Bombana,Lantari Jaya,Lantari,10,10,,,16.22,,,,,,,,,,,,,-,,2006/2007,,,,,,,,,,,,,,,,,,
295,P. 19KDI,Poleang - Roraya,DAS Kaku,1,9,740500051,Konawe Selatan,Tinanggea,Lamolulu,28,28,D.I. Lanowulu,,11.6,,,,,,,,,,,,,100,,1994/1995,2011,,,,,,,,,,,,,,,,,
296,P. 2 AB,Poleang - Roraya,DAS Kaku,1,9,740500082,Konawe Selatan,Tinanggea,Lalonggasu,-,-,,,-,,,,,,,,,,,,,-,,2006,,,,,,,,,,,,,,,,,,
297,P. 2 JICA,Poleang - Roraya,DAS Kambu,1,9,740500018,Konawe Selatan,Ranomeeto,Ranomeeto,20,20,D.I. Ranomeeto,,19.05,,,,,,,,,,,,,-,,2000,,,,,,,,,,,,,,,,,"4°3'18.18""","122°27'53.64"""
298,PA 50 BBN,Poleang - Roraya,DAS Langkowala,1,9,740600057,Bombana,Rarowatu Utara,Tembe,12,12,,,14.23,,,,,,,,,,,,,-,,2013,,,,,,,,,,,,,,,,,,
299,P. 20 Koltim,Towari - Lasusua,DAS Sabilambo,1,9,741000004,Kolaka Timur,Lalolae,Keisio,17,17,,,6.93,,,,,,,,,,,,,-,,2013,,,,,,,,,,,,,,,,,,
300,P. 20KDI,Poleang - Roraya,DAS Kaku,1,9,740500052,Konawe Selatan,Tinanggea,Lamolulu,29,29,D.I. Lanowulu,,2.5,,,,,,,,,,,,,150,,1994/1995,,,,,,,,,,,,,,,,,"4°27'4.94""","122°8'47.82"""
301,P. 21 Koltim,Towari - Lasusua,DAS Sabilambo,1,9,741000005,Kolaka Timur,Mowewe,Inebenggi,19,19,,,15.37,,,,,,,,,,,,,-,,2013,,,,,,,,,,,,,,,,,,
302,PA 51BBN,Poleang - Roraya,DAS Langkowala,1,9,740600058,Bombana,Rarowatu Utara,Tembe,12,12,,,2.93,,,,,,,,,,,,,-,,2013,,,,,,,,,,,,,,,,,,
303,P. 21KDI,Poleang - Roraya,DAS Roraya,1,9,740500053,Konawe Selatan,Tinanggea,Roraya,-,-,D.I. Roraya,,11.2,,,,,,,,,,,,,-,,1994/1995,,,,,,,,,,,,,,,,,,
304,P. 22 Koltim,Towari - Lasusua,DAS Sabilambo,1,9,741000006,Kolaka Timur,Mowewe,Melombu,19,19,,,7.68,,,,,,,,,,,,,-,,2013,,,,,,,,,,,,,,,,,,
305,PA 51BBN,Poleang - Roraya,DAS Langkowala,1,9,740600059,Bombana,Rarowatu Utara,Tembe,16,16,,,14.91,,,,,,,,,,,,,-,,2013,,,,,,,,,,,,,,,,,,
306,P. 22KDI,Poleang - Roraya,DAS Roraya,1,9,740500056,Konawe Selatan,Tinanggea,Tatangga,-,-,,,12.5,,,,,,,,,,,,,200,,1994/1995,,Air Keluar Sendiri,,,,,,,,,,,,,,,,
307,P. 23 Koltim,Towari - Lasusua,DAS Sabilambo,1,9,741000007,Kolaka Timur,Mowewe,Sabi - Sabila,16,16,,,5.97,,,,,,,,,,,,,-,,2013,,,,,,,,,,,,,,,,,,
308,P. 53 BBN,Poleang - Roraya,DAS Langkowala,1,9,740600060,Bombana,Rarowatu Utara,Lomba Kasih,15,15,,,14.55,,,,,,,,,,,,,-,,2014,,,,,,,,,,,,,,,,,,
309,P. 54 BBN,Poleang - Roraya,DAS Langkowala,1,9,740600061,Bombana,Rarowatu Utara,Tembe,10,10,,,6.22,,,,,,,,,,,,,-,,2014,,,,,,,,,,,,,,,,,,
310,P. 24KDI,Lasolo - Konaweha,DAS Konaweha,1,9,740500044,Konawe Selatan,Landono,Mulyasari II,13,13,D.I. Mulyasari,,16.6,,,,,,,,,,,,,-,,1994/1995,,,,,,,,,,,,,,,,,,
